2.0308,0.13
-5.1945,0.18
-3.5034,0.88
-2.5131,0.86
-3.1474,0.76
-3.0706,0.83
10.7695,0.84
1.5075,0.91
2.2518,0.77
5.5289,0.65
0.8153,1.04
-3.2184,0.43
0.0338,0.28
-1.5317,0.31
1.3575,0.96
-5.4224,0.85
0.3727,0.42
2.0706,0.86
2.9526,0.64
0.8487,0.04
1.5864,0.87
-1.5441,0.30
-0.3184,0.77
0.5238,1.03
1.6397,0.92
-0.2411,1.13
0.6539,1.10
3.0603,0.94
-3.0957,1.03
-1.0085,0.33
-3.1438,0.74
-3.3606,1.08
2.4679,0.08
-6.8917,0.24
2.4633,-0.03
-5.8865,0.35
-1.6600,0.13
-4.3092,0.24
4.1482,1.08
-5.6701,1.04
-4.3340,0.27
-1.7050,0.24
-0.9604,0.66
0.0817,-0.16
-1.2167,0.47
0.5597,0.72
0.2478,0.49
0.9306,0.71
2.6793,0.49
-1.5270,0.86
0.7438,0.66
-3.1073,0.93
1.0374,0.73
0.8301,0.73
0.8979,0.85
-3.5731,0.87
0.9548,0.85
-6.1452,0.65
-5.0796,0.48
0.2131,0.75
-3.0832,0.65
1.5085,1.01
-6.2825,1.14
-5.9828,0.58
-3.1123,0.04
-2.9459,0.72
-5.5671,0.08
0.4000,0.40
4.4051,0.80
5.0903,0.48
3.5871,0.28
13.6406,0.28
-3.1480,-0.07
23.8935,0.22
-1.6688,0.76
-1.4207,0.20
-1.6102,0.00
-3.1514,0.70
-0.0046,0.23
-0.4658,-0.25
-1.6507,1.09
1.6738,0.94
-1.7275,0.83
42.3397,1.02
1.4220,0.88
4.9040,0.18
1.1243,1.01
-0.0012,0.83
2.8723,0.89
0.3698,0.67
1.3767,0.13
0.4275,1.13
42.1170,0.68
0.2345,-0.16
0.4232,0.27
-3.0674,0.00
2.2886,0.72
2.1085,0.98
-2.8597,0.07
-1.4331,0.40
-2.7004,0.55
9.1228,1.13
-2.7036,-0.20
-2.8465,-0.06
-0.0276,-0.05
2.7933,1.08
8.2130,1.09
0.0850,0.10
-2.6345,1.11
-1.9735,0.99
-3.1865,0.89
-4.0418,1.00
0.8898,0.67
-2.3739,0.39
0.6983,0.88
1.8135,0.22
0.2938,0.86
2.1814,0.58
-0.6740,0.33
0.2025,0.40
-3.8764,0.99
0.1889,0.88
-3.8741,0.82
-7.2609,0.11
-7.2355,0.76
7.3992,0.70
-4.1847,0.82
-6.8710,0.85
-3.8245,0.48
-3.9474,0.70
0.1118,0.66
3.3264,0.64
-3.8177,0.42
-4.0098,0.75
-4.0844,0.34
0.5164,0.52
-4.5787,0.76
-4.5072,0.82
0.3447,0.10
-7.3173,1.16
-4.6278,0.08
0.4945,1.12
-4.4265,0.75
-2.4206,0.26
11.7966,0.55
1.5778,0.74
-1.8455,0.26
1.4026,0.76
-2.6432,0.36
-1.3382,0.74
3.1249,0.79
0.9038,0.28
2.3245,0.59
1.1390,0.25
0.1729,1.07
5.6075,0.38
0.7209,0.77
3.5834,0.16
5.0309,0.79
1.2834,0.72
5.3965,0.94
-7.4548,0.89
-0.3785,0.71
3.7031,0.95
0.0512,0.64
0.0807,1.13
2.8551,0.62
-6.0128,0.85
0.3115,0.39
8.4850,0.90
0.6024,0.41
-5.1173,0.43
-2.4735,0.01
-7.0155,0.64
1.4820,0.85
-0.6064,0.64
18.6747,0.60
-4.0494,0.89
4.4363,0.76
7.1851,0.89
-6.5217,0.57
-1.6644,0.95
4.6512,1.07
5.1617,0.51
-1.0898,0.21
13.5677,0.65
-2.5964,0.78
2.5348,0.32
2.2654,0.37
1.5127,0.23
-4.4905,0.42
-3.6000,0.64
4.5676,0.43
3.1968,1.05
-4.6849,1.06
-4.7141,0.71
22.1116,0.84
0.0519,0.92
-3.5407,0.13
-6.7686,0.02
-4.2097,1.07
-9.8311,0.87
-6.6498,0.57
-3.8058,0.78
2.6441,0.08
2.6882,0.46
-8.1028,0.17
-0.2203,0.83
3.8068,0.65
8.5401,0.74
0.0742,0.88
4.5749,0.94
3.1465,0.74
-2.3792,-0.02
-0.3967,0.03
-7.2261,0.74
2.8339,1.07
-6.9030,1.17
-4.0828,0.86
0.0941,0.89
0.5431,0.79
-0.4377,0.54
2.3471,0.09
-2.4470,-0.02
-0.5534,0.50
-0.4545,0.40
-0.1712,-0.09
-2.5641,0.49
2.2173,0.49
-2.3475,0.06
3.7810,0.48
0.6007,0.34
-0.5467,0.77
1.4676,0.22
-0.7186,0.52
1.4624,0.71
-3.1136,0.76
-7.5667,0.59
0.1304,0.81
-5.2413,0.10
-4.4555,0.62
-1.0005,0.02
3.1991,0.80
0.9268,0.51
-0.0365,0.35
-1.0861,0.06
0.5171,0.42
-0.6904,0.77
2.9378,0.05
5.4512,0.88
0.2389,0.41
-2.7743,0.44
-0.7242,0.93
-3.9450,0.12
2.6918,0.10
0.5845,0.69
0.0837,0.23
7.3554,0.88
-2.7019,0.25
-0.2994,-0.11
23.6246,0.78
-4.4518,0.12
2.4726,1.02
5.4688,0.77
2.7124,0.44
-0.3114,0.81
21.1304,0.82
1.0175,0.50
4.3478,0.23
4.5342,0.00
0.9748,0.49
2.9726,0.39
-5.8035,0.31
7.7089,0.84
-0.7021,1.00
5.0013,0.38
-0.6708,0.99
2.3935,0.16
-1.9062,1.02
7.3285,0.39
4.7578,0.69
-1.6177,0.03
3.8602,0.66
-7.5537,0.15
-4.5353,-0.24
-4.8588,0.11
0.5917,0.91
4.1396,0.54
1.5882,0.39
2.3380,0.89
-4.8583,0.23
-0.2005,0.84
1.7999,0.96
1.2925,0.87
-6.0727,0.87
-6.3174,0.20
5.3908,0.87
-6.6956,0.83
1.6098,0.84
0.1784,0.48
-6.2417,0.92
-1.3825,0.09
1.0556,1.03
4.4832,0.69
-5.9145,0.03
5.8521,0.66
3.8578,0.91
1.0180,0.32
-6.0010,0.72
2.1689,0.86
-2.7606,-0.19
-0.3733,0.15
1.1212,1.03
2.2867,0.83
1.0921,-0.24
-6.7007,0.85
-1.3529,0.32
-5.4739,-0.22
45.7149,0.93
-4.7248,0.41
-5.3349,0.02
-1.2313,0.70
9.4661,0.83
-6.4128,0.72
-3.3193,0.87
4.2902,1.06
11.9684,0.94
1.8517,0.10
4.8418,0.50
-0.5450,0.74
0.2781,0.16
-1.7212,0.62
-0.0683,0.27
-3.6088,0.91
20.0220,0.31
-1.5486,0.42
-4.7937,0.13
-7.1830,0.17
-4.8383,0.76
8.9153,0.55
-4.9085,0.43
-3.2797,0.41
-0.9238,0.29
-5.0211,0.93
-7.5017,0.59
0.8539,0.23
-7.5468,0.08
0.0012,0.72
1.0509,0.85
1.1665,0.92
2.2631,0.46
1.8542,0.25
-6.6298,0.81
-0.5640,0.63
6.0847,0.63
-4.0839,0.98
0.1254,0.28
-4.3036,0.34
1.0672,-0.07
-2.3583,0.04
-4.3937,0.85
0.9978,1.02
0.1029,0.72
-2.9441,0.30
-3.4712,0.10
-5.1271,1.02
0.9213,-0.04
1.1698,0.92
-4.2130,0.69
-4.3020,0.66
0.7196,0.61
-6.6485,0.35
1.1984,0.21
2.2307,0.58
5.3959,0.36
-3.3445,0.85
-6.8466,0.30
0.5313,0.80
7.0119,0.97
0.8050,0.80
-3.7434,0.25
4.5554,0.39
3.6684,1.03
9.4632,0.29
1.2904,0.08
-7.5859,0.12
0.4301,0.89
13.4945,0.61
-6.5405,0.81
-0.5377,0.35
0.9554,0.78
23.0647,0.61
1.5907,0.16
1.1064,0.28
-7.0105,0.37
-6.0091,0.33
2.9522,0.25
-6.6949,0.96
1.9957,0.76
0.7533,0.77
-1.8179,0.71
-4.5335,0.15
-0.2935,0.04
2.3858,0.69
0.1226,0.94
-0.0599,0.91
-4.0658,0.99
-6.8844,0.96
-0.6600,1.06
-4.4152,0.09
-0.6756,0.80
4.4329,-0.10
0.1276,-0.17
14.2916,0.58
11.5958,0.84
-1.3257,0.04
8.3731,0.17
-0.8505,0.44
-1.6266,0.97
-0.2042,0.49
3.6756,0.58
0.2020,0.31
-4.2482,0.28
1.8058,0.70
-5.3360,0.90
-0.7522,0.77
0.5110,0.52
-1.0160,1.00
3.4577,0.74
-2.5619,0.62
0.3846,0.55
-6.3417,0.50
-3.8109,0.72
0.0400,0.56
-5.0387,0.73
-4.4294,0.65
-0.4907,0.45
-3.9747,0.16
-1.8972,0.46
1.2075,0.20
2.3223,0.10
-3.9758,0.05
-0.9474,0.55
0.5329,0.45
4.8451,0.34
2.9366,0.08
-6.6868,0.77
3.1440,0.50
-14.4905,0.57
4.3488,0.22
3.3744,1.00
4.0208,-0.05
-7.1202,0.22
0.5786,0.63
-6.4675,0.60
0.8516,0.31
1.2213,0.91
-6.8101,0.82
0.8228,0.12
0.1734,0.32
-4.0843,0.77
1.6997,0.29
0.8788,0.06
9.7353,0.99
-6.4665,0.93
0.3983,0.42
2.6976,0.96
5.0890,0.68
1.0520,0.96
3.1348,0.41
-6.1388,0.94
0.4276,0.25
0.5726,0.75
7.2354,0.01
-6.9494,0.87
6.7341,0.50
-1.8162,0.08
0.8570,0.43
-4.7604,0.73
-3.2297,0.15
1.1078,0.97
-0.3170,0.71
-6.5331,0.89
1.6886,0.24
0.4958,0.85
-4.9992,-0.15
1.3859,0.54
1.9424,0.13
4.0446,0.67
-4.2869,0.17
-0.5001,-0.13
0.2280,0.07
5.5233,0.47
3.5986,0.01
0.7915,0.98
2.9772,0.34
0.3769,0.69
4.7677,0.84
0.7833,-0.09
1.6070,-0.10
-1.1944,0.39
-1.7667,0.26
-0.1166,0.41
-1.0402,0.24
-0.1205,0.23
3.7027,0.29
-1.8894,0.27
0.8723,0.02
-0.1705,0.48
-9.2940,0.05
2.5841,1.01
0.9041,1.03
-0.2492,0.30
-1.8432,0.30
3.0334,0.85
-2.1053,0.04
-3.5497,1.01
-3.2529,0.78
-1.8361,1.04
1.2422,0.80
0.7014,0.65
-2.9589,0.86
-1.0121,0.05
-4.6051,0.93
-2.1750,0.96
-5.8547,-0.09
-1.9171,0.53
-1.8868,0.12
-3.2008,0.91
-3.2396,0.48
-2.2714,0.13
0.9218,0.90
-3.3395,0.88
-1.9020,0.86
-2.1341,0.22
-1.4182,0.33
-1.9428,0.34
-2.0733,0.32
